{
  "lattice_r": [
    1e-15,
    2.154e-15,
    4.642e-15,
    1e-14,
    2.154e-14
  ],
  "flux_expectations": {
    "E_x": [
      0.10537003459951458,
      0.08588650337241167,
      0.09922784993862205,
      0.08302505463820706,
      0.23749999999999996
    ],
    "E_phi": [
      0.13703452959922213,
      0.07254280604010269,
      0.07056198115087828,
      0.06968210363889643,
      0.23749999999999996
    ]
  },
  "metric_components": {
    "lapse_alpha": [
      1.0,
      1.0,
      1.0,
      1.0,
      1.0
    ],
    "radial_beta": [
      1.0,
      1.0,
      1.0,
      1.0,
      1.0
    ]
  },
  "stress_energy_tensor": {
    "T00": [
      -1.2169929366800447e-09,
      -77264137.65350296,
      -139177315.20892346,
      -2185667194.2138133,
      -14532271.513518564
    ],
    "Trr": [
      -1.2169929366800447e-09,
      77264137.65350296,
      139177315.20892346,
      2185667194.2138133,
      -14532271.513518564
    ],
    "Ttheta": [
      -1.2169929366800447e-09,
      -1.6657815135073756e-39,
      -3.4759264533079985e-39,
      -1.1223307385420908e-37,
      -2.636462992967395e-09
    ],
    "Tphi": [
      -1.2169929366800447e-09,
      -1.6657815135073756e-39,
      -3.4759264533079985e-39,
      -1.1223307385420908e-37,
      -2.636462992967395e-09
    ]
  },
  "curvature": {
    "ricci_scalar": [
      0.0,
      0.0,
      0.0,
      0.0,
      0.0
    ],
    "einstein_00": [
      0.0,
      0.0,
      0.0,
      0.0,
      0.0
    ]
  },
  "volume": [
    0.24339858733600894,
    3.4675266934179624e-31,
    8.158074960335404e-31,
    3.2173393208352196e-29,
    1.0
  ],
  "metadata": {
    "n_lattice_points": 5,
    "physical_units": "Planck_units",
    "state_normalization": 1.0
  }
}