{
  "metadata": {
    "throat_radius": 1e-15,
    "asymptotic_radius": 1e-10,
    "n_lattice_points": 5,
    "immirzi_parameter": 0.2375,
    "planck_length": 1.616e-35,
    "description": "Example warp bubble reduced to midisuperspace variables"
  },
  "lattice_r": [
    1e-15,
    2.154e-15,
    4.642e-15,
    1e-14,
    2.154e-14
  ],
  "E_classical": {
    "E^x": [
      4.712388980384689e-29,
      1.7506470588235294e-28,
      8.123106280843373e-28,
      3.765176e-27,
      1.7506470588235294e-26
    ],
    "E^phi": [
      1.2566370614359172e-14,
      2.706124e-14,
      5.828427e-14,
      1.2566370614359172e-13,
      2.706124e-13
    ]
  },
  "K_classical": {
    "K_x": [
      -0.0023247896993603507,
      -0.0023263567073171003,
      -0.002330152981456486,
      -0.0023378069478453825,
      -0.002351511767442892
    ],
    "K_phi": [
      0.0023247896993603507,
      0.0011214568293863686,
      0.000537930465447745,
      0.00025122941176470586,
      0.00011214568293863686
    ]
  },
  "exotic_matter_profile": {
    "scalar_field": [
      1000000.0,
      980198.673306755,
      923116.346336536,
      835270.211411272,
      726149.157262803
    ],
    "scalar_momentum": [
      0.0,
      -19601.93266735498,
      -15384.606726672637,
      -10047.62633234532,
      -5391.154146102403
    ]
  }
}
