{
  "metadata": {
    "description": "LQG quantum-corrected stress-energy tensor",
    "units": "natural (c=G=\u0127=1)",
    "lattice_points": 5
  },
  "r_coordinate": [
    1e-15,
    2.154e-15,
    4.642e-15,
    1e-14,
    2.154e-14
  ],
  "T00_quantum": [
    1.0526577136222567e-39,
    1.1579234849844825e-39,
    1.263189256346708e-39,
    1.3684550277089338e-39,
    1.4737207990711592e-39
  ],
  "T00_classical": [
    1.0526577136222567e-39,
    1.0526577136222567e-39,
    1.0526577136222567e-39,
    1.0526577136222567e-39,
    1.0526577136222567e-39
  ],
  "quantum_corrections": [
    0.1,
    0.2,
    0.30000000000000004,
    0.4,
    0.5
  ],
  "holonomy_factor": [
    0.95,
    0.96,
    0.97,
    0.98,
    0.99
  ]
}